# Official Shiguang API course adapters; metadata may come from HTML.
# source: https://github.com/ShiGuangSchedule/shiguang_warehouse/tree/fa7cbc2ea116e5ffd082a9fe8cb7bdf4407a8713
# schoolId	schoolName	folder	initial	adapterId	adapterName	category	assetJsPath	importUrl	maintainer	description	sha256
AEPU	安徽电气工程职业技术学院	AEPU	A	AEPU_01	安徽电气工程职业技术学院教务系统	BACHELOR_AND_ASSOCIATE	aepu.js	https://zt.aepu.com.cn/http/webvpnae4cfe98f83bc8811cc5963452fd80627ab088b1bddf3f753580a56a75a714e9/ywtb-portal/official/index.html#/hall	Haooz	安徽电气工程职业技术学院教务系统课表导入，请先登录并进入“我的课表”页面，再点击导入！	8d450f259a27048a71af7050fcc02c04c556b3b753b4f420b9eb3e3c7a088b54
AUFE	安徽财经大学	AUFE	A	AUFE_01	安徽财经大学校内入口	BACHELOR_AND_ASSOCIATE	aufe_01.js	http://all.aufe.edu.cn	星河欲转	安徽财经大学urp教务适配，进入教务系统后点击开始导入，非本校开发者适配如果有误建议提交issues	2940cb823d0f4688f4fff755a3bc2590b48582296ac487bfaa4257655af69322
AUFE	安徽财经大学	AUFE	A	AUFE_02	安徽财经大学Webvpn入口	BACHELOR_AND_ASSOCIATE	aufe_01.js	http://vpn.aufe.edu.cn	星河欲转	安徽财经大学urp教务适配，进入教务系统后点击开始导入，非本校开发者适配如果有误建议提交issues	2940cb823d0f4688f4fff755a3bc2590b48582296ac487bfaa4257655af69322
BBGU	北部湾大学	BBGU	B	BBGU_01	北部湾大学教务系统	BACHELOR_AND_ASSOCIATE	bbgu.js	https://zhjw.bbgu.edu.cn/workspace/home	Haooz	北部湾大学智慧教务系统课表导入，登录统一身份认证平台后直接点击导入即可	955c6770b49ec68a36ea0372ee646777c2cc14ee06ed10284aeba08c4afd6248
CZIMT	常州机电职业技术学院	CZIMT	C	CZIMT_01	常州机电职业技术学院-正方教务	BACHELOR_AND_ASSOCIATE	czimt.js	https://webapp.czimt.edu.cn	ShallowY	常州机电职业技术学院教务系统适配，采用新版Webapp(校内通)入口，统一身份认证后进入教务系统执行导入。	8cd3f5e8511610e4697371443793d97dd4547cfba7be6f1b66266d4db010b85e
CDUTCM	成都中医药大学	CDUTCM	C	CDUTCM_01	成都中医药大学教务	BACHELOR_AND_ASSOCIATE	cdutcm_01.js	https://jwweb.cdutcm.edu.cn/	wwwhyDB	登录教务系统后一键导入完整课表，自动附带上课时间。 支持单双周、多教师多地点等课程；导入时会询问学期开始日期。 	7a621f4b9bcce48242df621e003d578f234a14681308c7d64903664215aeeb40
CUIT	成都信息工程大学	CUIT	C	CUIT_01	成都信息工程大学本科实践教学平台	BACHELOR_AND_ASSOCIATE	cuit_bk_new.js	https://ywtb.cuit.edu.cn/	igugyj(Pfolg)	登录（外网用户把二维码发到另一台设备），进入「本科实践教学（管理）平台」进行导入	09790e71a8cf1b6da8cb972cf6eba2dfc00c529280f55a8e1d9eb6f8f6fa460d
CMC	成都医学院	CMC	C	CMC_01	成都医学院教务	BACHELOR_AND_ASSOCIATE	cmc_01.js	https://jwweb.cmc.edu.cn/	linlinli000	成都医学院乘方教务适配，请先登录教务系统后再执行导入	fbf65690d12b6e2815acbea431637341d93338d8f082330561d03554c62ddcb7
CAPU	成都航空职业技术大学	CAPU	C	CAPU	成都航空职业技术大学金智新教务	BACHELOR_AND_ASSOCIATE	capadap.js	https://jwxt.cap.edu.cn/jwapp/sys/homeapp/home/index.html?av=&contextPath=/jwapp#/	Xuan-Xuann	更新:您登录后直接点击导入即可食用,无需进入课表界面。有任何问题请通过GitHub/QQ联系开发者。	a89b7c82b2dbb6f7e336df1fc1db7782106baba7c9684d030ddc055f73dfd175
YXHMC	成都银杏酒店管理学院	YXHMC	C	YXHMC	成都银杏酒店管理学院教务	BACHELOR_AND_ASSOCIATE	yxhmc.js	http://zfjw.gingkoc.edu.cn/xtgl/login_slogin.html	Xuan-Xuann	适配成都银杏酒店管理学院智慧教务系统。使用须知：请先登录再进入个人课表查询界面，然后按照流程即可导入当前课表。请注意！暂不适配调课补课，请及时关注教务系统按时修改	3c9b7b9d1a03a6c2fd47cc07bbdd34b4046f876b9cb00158ce7bd07af5007d86
CQCIVC	重庆化工职业学院	CQCIVC	C	CQCIVC	重庆化工职业学院正方教务	BACHELOR_AND_ASSOCIATE	cqcivc.js	http://dc.cqcivc.cn/cas/login?service=http://jwxt.cqcivc.edu.cn/sso/zllogin	星河欲转	重庆化工职业学院适配教务,非本校开发者适配如果有误建议提交issues	3e71d0015e7511cb4604b4881452c5a8d312de23cb8d0dec89ad8f674e539df7
CQU	重庆大学	CQU	C	CQU	重庆大学教务	BACHELOR_AND_ASSOCIATE	cqu.js	https://my.cqu.edu.cn/	茵符草	适配重庆大学智慧教务系统	2fb25e6c5791540508bdd4b8edd197df540f9da445a83c18655a1bd29a5a813f
CQIE	重庆工程学院	CQIE	C	CQIE_01	重庆工程学院教务	BACHELOR_AND_ASSOCIATE	cqie_01.js	https://i.cqie.edu.cn/	haha12358	适配重庆工程学院新教务系统，登录门户后进入教务系统页面执行导入	cdd1b1812a506fc686967e5ae187a38e893f0a3addf4649cab31b8454151fbdb
CQUT	重庆理工大学	CQUT	C	CQUT	重庆理工大学教务	BACHELOR_AND_ASSOCIATE	cqut_01.js	https://timetable-cfc.cqut.edu.cn/	Dawn Drizzle	适配重庆理工大学教务系统	2240862230ce9cbc5c4743c5acb594c8ce4eb6b035fba7bd590de2665209e0a6
CQEPC	重庆航天职业技术学院	CQEPC	C	CQEPC_01	重庆航天职业技术学院教务	BACHELOR_AND_ASSOCIATE	cqepc.js	http://jw.cqepc.cn/	yang01	重庆航天职业技术学院教务，请登录	7b5e8ca16ca507f1bead6ecc685807d99ee6059f01fc4ca638001ac87f3f036e
CFEC	重庆财经学院	CFEC	C	CFEC_01	重庆财经学院正方教务	BACHELOR_AND_ASSOCIATE	CFEC.js	http://jwmis.cfec.edu.cn/jwglxt/kbcx/xskbcx_cxXskbcxIndex.html?gnmkdm=N2151&layout=default	glxgo	重庆财经学院正方教务适配器，非本校开发者适配，如果有误建议提交issues	95cb20d0cf37995d58e981fad03e11df04125fd3ca7b007163bdbfbfa45cfeeb
CUST	长春理工大学	CUST	C	CUST_01	长春理工大学教务系统	BACHELOR_AND_ASSOCIATE	cust.js	https://mysso.cust.edu.cn/cas/login?service=https://jwgl.cust.edu.cn/welcome	itdong		048def864fbdfac8fef11cd576d25562e00ee12fd517e5bbdee4c60a97b71522
NEAU	东北农业大学	NEAU	D	NEAU_01	东北农业大学适配教务	BACHELOR_AND_ASSOCIATE	NEAU_01.js	https://webvpn.neau.edu.cn/	dezige131	东北农业大学适配教务,非本校开发者适配如果有误建议提交issues	546c111cfc905ec50574247a692c5c236b606dafd2c5a0dd5d25b1f0c2853b1c
NEU	东北大学	NEU	D	NEU_1	东北大学金智教育教务适配	BACHELOR_AND_ASSOCIATE	neu.js	http://jwxt.neu.edu.cn/	Vera-zero	网页仅在校园网/连接校内vpn环境下可访问	0e79d667b708d59cd7464392c659957b5cddc690cad32802ee6bac8203ee9da7
NEU	东北大学	NEU	D	NEU_2	东北大学研究生金智教育教务适配	POSTGRADUATE	neuyjs.js	https://yjs.neu.edu.cn/	Vera-zero	网页仅在校园网/连接校内vpn环境下可访问	88c19ea31ac4b60e5cf98fc6aeaf880b7a1f6cb93d44d8f2ee1821bb13e0d972
NENU	东北师范大学	NENU	D	NENU_01	东北师范大学适配教务	BACHELOR_AND_ASSOCIATE	NENU_01.js	https://bkjx.nenu.edu.cn/	dezige131	东北师范大学适配教务,非本校开发者适配如果有误建议提交issues	a162fadb9781dbfafaec1c58c7459f5263d207b335c9ccd0a95272f0ca447254
DLU	大连大学	DLU	D	DLU_01	大连大学教务系统	BACHELOR_AND_ASSOCIATE	dlu.js	https://webvpn.dlu.edu.cn/login	platinumyrh	大连大学正方教务系统课表导入	a7aa233581a02efd495f84dc5e9c087e90326c98cba668e414ea9319fc726457
DLUTCI	大连工程学院	DLUTCI	D	DLUTCI_01	大连工程学院教务系统	BACHELOR_AND_ASSOCIATE	dlutci.js	https://jw.dlutci.edu.cn	Haooz	大连工程学院教务系统课表导入，登录到应用管理平台后直接点击导入即可	d6b05660c6d4d46a722462bea91b81abb455f99815dcfd484b6588ea69ef0ac2
DLUT	大连理工大学	DLUT	D	DLUT_01	大连理工大学本科教务系统	BACHELOR_AND_ASSOCIATE	dlut_01.js	http://jxgl.dlut.edu.cn/student/for-std/course-table	dffzcqs78694	登录统一身份认证后自动跳转到课表页面。 支持自动选择学期、导入课程与作息时间、自动配置开学日期。	f75c5421eaf40f66e3f80c3b94e32a8012cb5c11779f81a4c7b4f98aa91fd1d1
DZU	德州学院	DZU	D	DZU_01	德州学院正方教务	BACHELOR_AND_ASSOCIATE	dzu_deep.js	http://211.64.47.165/jwglxt/xtgl/login_slogin.html	yvmu	登录后在任意页面点击执行导入，自动读取学年学期与开学日期，并写入德州学院作息时间	8f9eab859a6ab90254b3863b03029cc11ad70afa033223686c523be94c748008
FIT	福州理工学院	FIT	F	FIT	福州理工学院正方教务	BACHELOR_AND_ASSOCIATE	fit.js	http://oaa.fitedu.net/jwglxt/xtgl/login_slogin.html	Haooz	福州理工学院正方教务V9，进入教务系统后直接点击导入即可	9ddaac92c7f8ca83e4225dabf432c0dd8e6bb8c539ee1076af0a8888816919c1
FJCPC	福建船政交通职业学院	FJCPC	F	FJCPC	福建船政交通职业学院教务	BACHELOR_AND_ASSOCIATE	fjcpc.js	https://webvpn.fjcpc.edu.cn/	星河欲转	点击本校师生统一身份验证进行登录，登录后点击新教务系统在点击教务管理  已使用自动获取开学日期，免去手动设置  福建船政交通职业学院教务适配,非本校开发者适配如果有误建议提交issues	3fa6a68d77f6bd9d42df1188a4ccf4dcf3d80c2729ef765bb7493b27c7d3555c
GDUT	广东工业大学	GDUT	G	GDUT_01	广东工业大学教务	BACHELOR_AND_ASSOCIATE	gdut.js	https://authserver.gdut.edu.cn/authserver/login?service=https%3A%2F%2Fjxfw.gdut.edu.cn%2Fnew%2FssoLogin	forer4433	广东工业大学教务系统课程导入适配。本校开发者适配，如有问题请提交issues。	938bc994a1876b51566a5c1c9e86f4aabd0c4eeea978689dd56f3ef05c2291e8
GPNU	广东技术师范大学	GPNU	G	GPNU_01	广师大教务管理系统	BACHELOR_AND_ASSOCIATE	gpnu_01.js	https://jwglxt.gpnu.edu.cn/sso/lyiotlogin	moondish	适配教务管理系统，登录后导入个人课表。如有bug请提交issues。泥鸡又赢了！	c640a14f9488306cd16548ceca0bb84326d907b1871633afbd4a46b864ac13fb
GDOU	广东海洋大学	GDOU	G	GDOUYJ_01	广东海洋大学阳江校区教务	BACHELOR_AND_ASSOCIATE	gdouyj.js	https://jw.gdou.edu.cn/	Yihe-ng	广东海洋大学阳江校区教务适配，使用阳江校区教学楼错峰作息时间，如有误请提交issues	82949188d67a94be42fac9f86e876e5d2b145f67d63de1c81e9845fa4a65281f
GDOU	广东海洋大学	GDOU	G	GDOUYJ_02	广东海洋大学阳江校区教务（校外免VPN）	BACHELOR_AND_ASSOCIATE	gdouyj2.js	https://jxpj.gdou.edu.cn/wx/?universitycode=10566	Yihe-ng	广东海洋大学阳江校区教务适配，使用阳江校区教学楼错峰作息时间。本通道经教学评价系统取数，校外无需VPN或校园网，部分课程可能缺失，可手动补录	88990823047971297be1619f01f83f1c7f6f2315799f225ca4359ddff0cad5d7
GDOU	广东海洋大学	GDOU	G	GDOU_01	广东海洋大学教务	BACHELOR_AND_ASSOCIATE	gdou.js	https://jw.gdou.edu.cn/	Mccurtain	广东海洋大学教务适配，如有误请提交 issues	073c2b0e3579e129bc3347d48e50339dcef02ac2af10470440cbb62724df3553
GDIT	广东科学技术职业学院	GDIT	G	GDIT_01	广东科学技术职业学院教务	BACHELOR_AND_ASSOCIATE	gdit.js	https://ids.gdit.edu.cn/authserver/login?service=https://wbdt.gdit.edu.cn/shiro-cas	Haooz	广东科学技术职业学院网上办事大厅课程表导入适配。登录后进入课程表页面即可导入。	af93c597d6bf91d163abec6a2175c855b33ce42fe7af1cb3bfa05527adc8df50
GDUST	广东科技学院	GDUST	G	GDUST	广东科技学院正方教务	BACHELOR_AND_ASSOCIATE	gdust.js	https://webvpn.gdust.edu.cn/https/77726476706e69737468656265737421f3f652d220347d436a468ca88d1b203b/cas/?service=https%3A%2F%2Fwebvpn.gdust.edu.cn%2Flogin%3Fcas_login%3Dtrue	星河欲转	广东科技学院适配教务,登录后需要进入教务系统才可以点击导入,非本校开发者适配如果有误建议提交issues	4c37833ed84ce7375cdaf93310ac560cd770a5843f6838272aeb6a8209c5f7aa
GDPU	广东药科大学	GDPU	G	GDPU_01	广东药科大学正方教务	BACHELOR_AND_ASSOCIATE	gdpu_01.js	https://webvpn.gdpu.edu.cn/https/77726476706e69737468656265737421f3f652d220347845300d8db9d6562d/lyuapServer/login?service=https%3A%2F%2Fjwsys.gdpu.edu.cn%2Fsso%2Flyiotlogin	星河欲转	广东药科大学适配教务,支持多校区时间,非本校开发者适配如果有误建议提交issues	cc35dcc83edf9fc68df03ed22f72bd2957a4211427559a59df7c6349e26ab8c6
HUALIXY	广州华立学院	HUALIXY	G	HUALIXY_01	广州华立学院正方教务	BACHELOR_AND_ASSOCIATE	hualixy.js	https://jw.hualixy.edu.cn/sso/ddlogin	小漫君	广州华立学院正方新一代教务系统适配。请先通过统一认证(jw.hualixy.edu.cn/sso/ddlogin)或正方直登(jwglxt/xtgl/login_slogin.html)登录，在教务系统任意页面直接执行导入即可（无需进入课表查询页面）；脚本自动读取学年学期并获取课表与真实节次作息。	16511a8d748b3016141176dc186c858b76cb543a68e0c013e4c5ff3e1b3b40ad
GZMTU	广州航海学院	GZMTU	G	GZMTU_01	广州航海学院本科教务	BACHELOR_AND_ASSOCIATE	gzmtu.js	http://jwx.gzmtu.edu.cn/jwglxt/kbcx/xskbcx_cxXskbcxIndex.html?gnmkdm=N2151&layout=default	weiwei221206	适用于广州航海学院本科教务系统一键导入	a8141456b45eecad8300cc34524ac4f32a20c175f6468d964dfe3b41837bf0d6
GXMU	广西医科大学	GXMU	G	GXMU_01	广西医科大学智慧教务系统	BACHELOR_AND_ASSOCIATE	gxmu.js	https://cas.gxmu.edu.cn/lyuapServer/login	Haooz	广西医科大学智慧教务系统课表导入，登录门户站点以后，进入教务系统，直接点击导入即可	83a41020ec92a6e9735c98298011d9c89cde37da739a0fe58403ad6214304755
GXCME	广西机电职业技术学院	GXCME	G	GXCME	广西机电职业技术学院正方教务	BACHELOR_AND_ASSOCIATE	gxcme.js	https://sso.gxcme.edu.cn/login?service=https://nportal.gxcme.edu.cn/login	Haooz	广西机电职业技术学院正方教务V9（Mobile版API），进入课表页面后点击导入	06191a9eacc2430d8c187dfd4afb425c54ba8c7f99b4f3ee52f0d3455d053899
GUIT	桂林信息科技学院	GUIT	G	GUIT_01	桂林信息科技学院	BACHELOR_AND_ASSOCIATE	guit_01.js	https://172-16-18-132.webvpn.guit.edu.cn	Mercury	桂林信息科技学院适配教务	a3bf241573813e767c73c41f785a6e21bc26854e1c68abedbf91a6386e6e3133
GLMU	桂林医科大学	GLMU	G	GLMU_01	桂林医科大学教务	BACHELOR_AND_ASSOCIATE	glmu.js	https://ejwc.glmc.edu.cn/	xhh李	桂林医科大学教务,本校开发者适配，如果有误请加入QQ频道：pd12631377	fbae8e5c78c2596e5357ef3bcbd2a8cc6acaee5b05bf273233f00376d3f3ceec
GSMC	甘肃医学院	GSMC	G	GSMC_01	甘肃医学院正方教务	BACHELOR_AND_ASSOCIATE	gsmc_01.js	https://jw.gsmc.edu.cn/jwglxt/xtgl/login_slogin.html	星河欲转	甘肃医学院适配教务，非本校开发者适配如果有误建议提交issues	6c21abf4256fba7a29413ce2305ae0f1041945d3f2d35e1ab366b4eed393f646
GSCMXY	甘肃财贸职业学院	GSCMXY	G	GSCMXY_01	甘肃财贸职业学院-金智教务	BACHELOR_AND_ASSOCIATE	gscmxy.js	https://jwxt.gscmxy.edu.cn/	ShallowY	甘肃财贸职业学院教务系统适配，统一身份认证后执行导入。	d6b1d15bdfa7c78e38f99452cd2b39739608f178bb4444ed140ab5811bc0cba1
GZU	贵州大学	GZU	G	GZU	贵州大学正方教务	BACHELOR_AND_ASSOCIATE	gzu.js	https://zhjw.gzu.edu.cn/jwglxt/xtgl/	Daoguan-king	贵州大学需要登录学校VPN，登录后需要进入教务系统“个人课表查询”页面再点击导入，最后特别致谢24级农学波波的帮助，没有他我VPN登录不了，非本校开发者适配如果有误建议提交issues	ca59b5437432f17c22f427b5388f4624e5223865152e0a8acda1fe39b7ea55e7
HUST	华中科技大学	HUST	H	HUST_01	华中科技大学 HUB 系统	BACHELOR_AND_ASSOCIATE	hust.js	http://mhub.hust.edu.cn	Lucas04-nhr	登录华中科技大学 HUB 系统后执行导入，可在近 6 年的春季、秋季学期之间切换。课程导入后请根据学校校历设置准确的开学日期。	3c9da75e7f1e0e1292f9baa3479e87535d81d97756c0ab57b464d16b954687e5
HQU	华侨大学	HQU	H	HQU	华侨大学教务	BACHELOR_AND_ASSOCIATE	hquadap.js	https://atrust.hqu.edu.cn/portal/?redirectid=0.6668972084789097#/login	Xuan-Xuann	适配华侨大学。登录成功后选择个人课表查询，进入后等待加载完毕即可导入。	7423fcdd52b6ea4bc867015d830a4c9ae8fe6369727fda0eaa524937d61e624c
SCNU	华南师范大学	SCNU	H	SCNU_01	华南师范大学本科教务系统	BACHELOR_AND_ASSOCIATE	scnu.js	https://jwxt.scnu.edu.cn/xtgl/login_slogin.html	YewFence	登录后停留在教务系统任意页面即可导入，学年学期弹窗确认（默认当前学期）；按校区获取作息，自动识别开学日期与总周数。独立实验预约安排需另行核对。	4a9145e2bed6e4fc53b679b4feef4df0612c443553905d09c428b678bd1ef38a
SCUT	华南理工大学	SCUT	H	SCUT_01	华南理工大学webvpn适配教务	BACHELOR_AND_ASSOCIATE	SCUT_01.js	https://xsjw2018-jw.webvpn.scut.edu.cn/	dezige131	华南理工大学适配教务,非本校开发者适配如果有误建议提交issues	f7effd742b818cbc6a4e4405e0501fec18c68deb5a729c53576f93a188edbcdd
SCUT	华南理工大学	SCUT	H	SCUT_02	华南理工大学内网适配教务	BACHELOR_AND_ASSOCIATE	SCUT_01.js	http://xsjw2018.jw.scut.edu.cn/	dezige131	华南理工大学适配教务,非本校开发者适配如果有误建议提交issues	f7effd742b818cbc6a4e4405e0501fec18c68deb5a729c53576f93a188edbcdd
HIT	哈尔滨工业大学	HIT	H	HIT	哈尔滨工业大学研究生系统	POSTGRADUATE	hit.js	http://yjsgl-hit-edu-cn.ivpn.hit.edu.cn:1080/xs/index	Haooz	哈尔滨工业大学研究生教育管理系统，需通过VPN访问，登录后点击导入	89eb49eb6add8455aa08fa6c90e68d9ded389fcc71af25008d4111b54803c774
HRBEU	哈尔滨工程大学	HRBEU	H	HRBEU	哈尔滨工程大学教务系统	BACHELOR_AND_ASSOCIATE	hrbeu.js	https://jwgl.hrbeu.edu.cn/jwapp/sys/emaphome/portal/index.do	penguinway	哈尔滨工程大学金智教务(EMAP)适配，需校园网或WebVPN访问。登录后，切换到课表页面，点击导入即可。	bb0fe3110a7bb7d5b8b7bc5a5b54b99d108584099d5c0047c8263b9aba8cc703
HRBEU	哈尔滨工程大学	HRBEU	H	HRBEU_YJS	哈尔滨工程大学研究生系统	POSTGRADUATE	hrbeu_yjs.js	https://yjs.hrbeu.edu.cn/	penguinway	哈尔滨工程大学研究生教育管理系统适配。登录后进入课表查询页面，等待课表加载完成后点击导入。	353dd58510c2323ed8fe4fcd377976599689aebc5aca002e648e315681a37b73
HUEB	河北经贸大学	HUEB	H	HUEB	河北经贸大学正方教务	BACHELOR_AND_ASSOCIATE	hueb.js	https://202-206-194-100.vpn.hueb.edu.cn:8118/jwglxt/xtgl/login_slogin.html	Haooz	河北经贸大学正方教务V9，需通过VPN访问，进入教务系统后点击导入	4a1dd5d82514ff383ef82f1273e37ad7b1fd9753ed8b8687529ef5f5957fb93f
HUUC	河南城建学院	HUUC	H	HUUC_01	河南城建学院	BACHELOR_AND_ASSOCIATE	huuc_01.js	http://jwglxt.huuc.edu.cn:8061/admin/login	拉里	河南城建学院本科超星教务适配。登录并打开个人课表后执行，支持选择学期和校区；尝试读取作息时间与开学日期。	1f87ae809a5b77c20c3286927a024c91ad706e98f37aa0dfa3b0369459cf34cb
HAUT	河南工业大学	HAUT	H	HAUT_01	河南工业大学正方教务	BACHELOR_AND_ASSOCIATE	haut_01.js	https://jwglxt.haut.edu.cn/jwglxt/xtgl/login_slogin.html	星河欲转	河南工业大学适配教务，非本校开发者适配如果有误建议提交issues	b35e40e6b8ad5bfd180a5debbb1d39ae8274356f8d11a8df980a0f9431f9de91
HNSF	河南师范大学	HNSF	H	HNSF_01	河南师范大学适配教务	BACHELOR_AND_ASSOCIATE	hnsf_01.js	https://jwc.htu.edu.cn/	星河欲转	河南师范大学适配教务,添加双季作息,非本校开发者适配如果有误建议提交issues	0a230ffe8c176fbc007047a7a11efe0434df99094a1c23b31ae4d62786f50ba2
HNZY	河南职业技术学院	HNZY	H	HNZY_01	河南职业技术学院课表	BACHELOR_AND_ASSOCIATE	hnzy.js	https://one.hnzj.edu.cn/common-service/kcb-pc/personage/personage	一颗		07dff6caf632de6c9dc5729eebb599cde165425a71014ecf061dfd726dbd516d
HUEL	河南财经政法大学	HUEL	H	HUEL_01	河南财经政法大学	BACHELOR_AND_ASSOCIATE	huel_01.js	https://xk.huel.edu.cn	Mercury	河南财经政法大学适配教务	b75c97e1458c2a8809357cd8b5c0570d9e0965711275fb1539d931d8a13c4e72
HNNU	淮南师范学院	HNNU	H	HNNU_01	淮南师范学院库表图门户	BACHELOR_AND_ASSOCIATE	hnnu_01.js	https://xxmh.hnnu.edu.cn/zhxy/	Haooz	适配淮南师范学院库表图融合门户，登入后直接执行导入	3b525fe5dc9e04149398873aa5a090b1bdbcdd70514f8aa7e659ae5d551afee7
HBMU	湖北医药学院	HBMU	H	HBMU_01	湖北医药学院教务	BACHELOR_AND_ASSOCIATE	hbmu.js	https://jw.hbmu.edu.cn/	xhh李	湖北医药学院教务,由桂医开发者适配，如果有误请加入QQ频道：pd12631377	51e5c651e4ae8c961f0c15c7ad564dae7e0a5823a343c38f67c38ad179971657
HBUAS	湖北文理学院	HBUAS	H	HBUAS_01	湖北文理学院超星教务适配	BACHELOR_AND_ASSOCIATE	hbuas_01.js	https://hbuas.jw.chaoxing.com/admin/login	salt-fishes	湖北文理学院超星教务适配，自动识别当前学期与校区，自动导入课程、作息时间与开学日期，支持账密登录与学习通扫码登录	e9ce0fba7667c642926cc775cf4eb3f44d686ea30cfda057e3bdf77b1f23861d
HUAT	湖北汽车工业学院	HUAT	H	HUAT	湖北汽车工业学院	BACHELOR_AND_ASSOCIATE	HUAT.js	https://cas.huat.edu.cn/authserver/login?service=http%3A%2F%2Fneweas.huat.edu.cn%2Flogin	老考滤一下	湖北汽车工业学院适配教务	22cd9965fe3533edf0505b7b54d1c6134f9cf5adc2b718905aad9d5177148ef3
HLJU	黑龙江大学	HLJU	H	HLJU	黑龙江大学研究生教育综合管理系统	POSTGRADUATE	hlju.js	https://yjsglxt.hlju.edu.cn/	lixu-030506	黑龙江大学研究生教育综合管理信息系统课表适配。登录教务系统并查询当前学期课表后即可导入。	b555e7e81bdcd367cbe906606b7df69ebea8daca5174f7420761da0a5a0b0b79
HLJU	黑龙江大学	HLJU	H	HLJU_BACHELOR	黑龙江大学本科教务系统	BACHELOR_AND_ASSOCIATE	hlju_bachelor.js	http://xsxk.hlju.edu.cn/	Haooz	黑龙江大学本科教务系统课表导入，请先登录，再点击导入！	802f581d6a59ab7f72d01b290f8f75335d5ad3407a67ef4a9162dd6e1ed686dd
JLU	吉林大学	JLU	J	JLU_01	吉林大学（新）教务管理系统	BACHELOR_AND_ASSOCIATE	JLU_01.js	https://iedu.jlu.edu.cn/	Leimeng52mc	直接打开 iedu.jlu.edu.cn 登录（统一身份认证），进入(新)教务管理系统后定位到我的课表页面，点击导出按钮即可导出课表数据。 校内、校外均可直接访问，推荐优先使用。若该地址在你的网络下打不开，请改用本页的 WebVPN 入口。	b805cc1ce3d24641ea678787ed02af08d15dfd6d87fbe825725ae26f055928b6
JLU	吉林大学	JLU	J	JLU_02	吉林大学（新）教务管理系统 (WebVPN)	BACHELOR_AND_ASSOCIATE	JLU_01.js	https://vpn.jlu.edu.cn/login	Leimeng52mc	网页版 VPN（WebVPN）入口，与直连入口共用同一份适配脚本。登录 WebVPN 后打开(新)教务管理系统，定位到我的课表页面，点击导出按钮即可导出课表数据。 该入口通常仅在校外网络可用（校内访问异常），校内请使用直连入口。	b805cc1ce3d24641ea678787ed02af08d15dfd6d87fbe825725ae26f055928b6
JNU	暨南大学	JNU	J	JNU_01	暨南大学金智教务系统	BACHELOR_AND_ASSOCIATE	jnu_01.js	https://jw.jnu.edu.cn	White-Dew-Boy	登录教务系统后进入我的课表界面。自动导入上课时间段仅适用于珠海校区，其它校区可自行配置	2984c95af2c1c8900896f609a898ba8ba4d79c7c66a7db5ea8cb71db8c6d33e0
UJS	江苏大学	UJS	J	UJS_01	江苏大学教务系统	BACHELOR_AND_ASSOCIATE	ujs_zhengfang_v9.0.js	https://jwxt.ujs.edu.cn/sso/jziotlogin	洛初 Github@gongfuture	江苏大学教务系统适配，仅支持个人课表的导入，通过统一身份认证登录  ver.3	5e61b29443c7de8cab4805be057fa2034ca61b702051fb6a8d219ec7fe577ae4
JSTC	江苏旅游职业学院	JSTC	J	JSTC_01	江苏旅游职业学院教务	BACHELOR_AND_ASSOCIATE	jstc_01.js	https://authserver.jstc.edu.cn/authserver/login?service=https%3A%2F%2Fjwxt.jstc.edu.cn%2Fstudent%2Fsso%2Flogin	星河欲转	江苏旅游职业学院教务，进入教务系统页面即可开始导入，支持自动获取开学日期，非本校开发者适配如果有误建议提交issues	ce1eede6cae954db4d7792caa8702e4918709bde2e7c8279a0fd2c802f4d4867
JSEI	江苏电子信息职业学院	JSEI	J	JSEI_01	江苏电子信息职业学院（webvpn）	BACHELOR_AND_ASSOCIATE	jsei_01.js	https://webvpn.jsei.edu.cn/	星河欲转	江苏电子信息职业学院正方教务，登录后进入教务系统点击开始导入，支持自动获取开学日期，非本校开发者适配如果有误建议提交issue	0898faee06f152d2831fa8bc66ff930cbbbf88ac701fa2283840d5be8cdc4e0b
JUST	江苏科技大学	JUST	J	JUST	江苏科技大学正方教务	BACHELOR_AND_ASSOCIATE	just.js	https://my.just.edu.cn/	abyss-stars	江苏科技大学正方新一代教务（jwglxt）。入口为官方信息门户（my.just.edu.cn）：统一身份认证登录后进入教务系统，在「信息查询-学生课表查询」页面执行导入；校外由门户自动代理，无需手动记 WebVPN 地址。脚本读取页面上的学年（.xnm）/学期（.xqm）下拉供确认，再自动获取个人课表、校区节次作息与开学日期。	7062e43ac4e8400de02b0b1ded53ec87c2fd4a66ffa4067eb2e12b9061cf3dbd
JHZYEDU	江西航空职业技术学院	JHZYEDU	J	JHZYEDU_01	正方教务-江西航空职业技术学院	BACHELOR_AND_ASSOCIATE	zhengfang.js	https://jw.jhzyedu.cn/xtgl/login_slogin.html?ydType=0	JN	江西航空职业技术学院正方教务V9.0 API导入。登录教务系统后即可一键导入，自动获取课表及作息时间。	4f0d6ccf4d06f3d7c904c12d42eb814fd62bd06f9d40c08df079d41b8b2e7fc7
KSU	喀什大学	KSU	K	KSU_01	喀什大学正方教务	BACHELOR_AND_ASSOCIATE	ksu_01.js	https://cas.ksu.edu.cn/cas/login?service=https://jwnet.ksu.edu.cn/sso/ddlogin	星河欲转	喀什大学适配教务,非本校开发者适配如果有误建议提交issues	e4173fc5181e5ada60edcec76a0cae014d9841a738415b8feed50322a153ef51
LYU	临沂大学	LYU	L	LYU	临沂大学正方教务	BACHELOR_AND_ASSOCIATE	lyu.js	https://sdp.lyu.edu.cn/https/webvpn3146b55e2aeee09087ebc4ebe6dbd770/jwglxt/xtgl/login_slogin.html	Haooz	临沂大学正方教务V9，需通过webvpn访问，登录后进入课表页面点击导入	47f1b8ce1f7e4a5bd5d151fd59bc50987c39b4a9326bbd4854beb9e6e69e9e25
LUT	兰州理工大学	LUT	L	LUT	兰州理工大学教务系统	BACHELOR_AND_ASSOCIATE	LUT.js	https://jwxt.lut.edu.cn/	Colton	兰州理工大学教务适配, 登录后点击【我的课表】，获取课程	9e1af3d93aa1b255fd9575e8999e78c0b58ebaa380fff3af36c69298f29622fe
LIT	洛阳理工学院	LIT	L	LIT_01	洛阳理工学院乘方教务	BACHELOR_AND_ASSOCIATE	lit_01.js	https://lljw.lit.edu.cn/	小漫君	洛阳理工学院乘方教务适配，请先登录教务系统后再执行导入	2184089f8b3d41ec127df4ef0e626a13572f808289727c07a2cb320a0be1fcb6
LCUDCC	聊城大学东昌学院	LCUDCC	L	LCUDCC	聊城大学东昌学院正方教务	BACHELOR_AND_ASSOCIATE	lcudcc.js	https://jw.lcudcc.edu.cn/jwglxt/xtgl/login_slogin.html	Haooz	聊城大学东昌学院正方教务V9，进入教务系统后点击导入	e8f2cf94dfe9d5382cf086173ff6bd90a097b094556b2a43e4080b7a97864228
LNU	辽宁大学	LNU	L	LNU_01	辽宁大学URP教务	BACHELOR_AND_ASSOCIATE	LNU_01.js	http://jwstudent.lnu.edu.cn/	739C1AE2	辽宁大学URP教务适配	bcaacd7d97f2f0747b7c83fd350363b86f9c923653fa0b6d871b8c9c59aac92b
USTL	辽宁科技大学	USTL	L	USTL	辽宁科技大学综合教务管理系统	BACHELOR_AND_ASSOCIATE	ustl.js	https://ustl.jw.chaoxing.com/admin/login	Cure	辽宁科技大学适配教务, 登陆后点击【信息查询】, 再点击【我的课表】, 最后点击【执行导入】即可,本校毕业生适配, 如果有误建议提交issues	d154641dedf28688a002b16a728295736942db6d5f23ecb160de36d081e43b23
MMPT	茂名职业技术学院	MMPT	M	MMPT	茂名职业技术学院课表	BACHELOR_AND_ASSOCIATE	mmpt.js	https://jwc.mmpt.edu.cn/xtgl/login_slogin.html	一颗	如果导入失败，请前往适配器仓库提交 issue 或 PR 以更新适配器。	aa5ad867fa545152b0ffd4090701bfb1a4fe56462a0b17f5f661493386f99052
IMU	内蒙古大学	IMU	N	IMU_01	内蒙古大学URP教务	BACHELOR_AND_ASSOCIATE	imu_01.js	https://jwxt.imu.edu.cn/login	星河欲转	内蒙古大学URP教务,非本校开发者适配如果有误建议提交issues	628f2d80213ac0272ba647398165d8b9bf9c792f776d635a9da54f9edff73568
NUIST	南京信息工程大学	NUIST	N	NUIST_01	南京信息工程大学教务课表	BACHELOR_AND_ASSOCIATE	nuist.js	https://jwxt.nuist.edu.cn/	wild0408	南京信息工程大学金智教务系统课表适配	c1a0ba191c51aa69e64f29b7d0ebcb20bac232dbaf2ab75a55a789b749b304d9
NJTECH	南京工业大学	NJTECH	N	NJTECH	南京工业大学正方教务	BACHELOR_AND_ASSOCIATE	njtech.js	https://jwgl.njtech.edu.cn/xtgl/login_slogin.html	星河欲转	南京工业大学正方教务,非本校开发者适配如果有误建议提交issues	93756f8cdd2d3fcf3be5541dd84436c37077411583d312aab059aa5c04b555d3
NIIT	南京工业职业技术大学	NIIT	N	NIIT	南京工业职业技术大学教务	BACHELOR_AND_ASSOCIATE	niit.js	https://jwxt.niit.edu.cn/	nifs1729	点击统一身份认证登录,登录后直接点击导入即可	d4a790ab8d7afdcc39edcbf895b63cde177bdcc95789d533f4ad904ff532287d
NJNU	南京师范大学	NJNU	N	NJNU	南京师范大学金智教务	BACHELOR_AND_ASSOCIATE	njnu.js	https://authserver.nnu.edu.cn/authserver/login?service=https://hsnnu.nnu.edu.cn/login	aryunm	南京师范大学金智教务适配	d3deaed6d8abb08ff2419b454dcd0d0c8f412b2e3e697188ed3ffa6739ba263c
NJUPT	南京邮电大学	NJUPT	N	NJUPT_01	南京邮电大学正方教务	BACHELOR_AND_ASSOCIATE	njupt_01.js	https://i.njupt.edu.cn/	kemi-20	南京邮电大学正方教务 V9 课表导入。请先登录智慧校园并进入教务系统课表页面，再点击导入；脚本将通过 API 获取学年学期、课程、开学日期及学校作息时间。	ebeab767181d40d390c33f6f40edae9c7c49cae66791dc7492529f21fafb749a
SUSTECH	南方科技大学	SUSTECH	N	SUSTECH	南方科技大学教学管理与服务平台	BACHELOR_AND_ASSOCIATE	sustech.js	https://cas.sustech.edu.cn/cas/login?service=https%3A%2F%2Ftis.sustech.edu.cn%2Fcas	yusancky	南方科技大学 TIS 教学管理与服务平台（tis.sustech.edu.cn），需先通过 CAS 登录，登录后可直接导入；移动端需切换为电脑模式访问教务系统	0a9755b8e526ade2639b8ec00b7dfcf8a613009bbb2eea804c7ca2bb388fec3b
THDM	南昌科技职业大学	THDM	N	THDM_01	南昌科技职业大学教务系统	BACHELOR_AND_ASSOCIATE	THDM_01.js	http://jw.tellhowedu.com:19995/	HOLLOWDREAM	联奕科技教务系统（南昌科技职业大学）	a8f0a77c10a69474d456fbed131141938de1c4473cbf7d67ed4f03ab98f64639
NTU	南通大学	NTU	N	NTU	南通大学正方教务	BACHELOR_AND_ASSOCIATE	ntu.js	https://tdjw.ntu.edu.cn/jwglxt/xtgl/login_slogin.html	MX703	南通大学正方教务V9适配。	b57d6986e90a6ab89430c0af2962830665ccd8e7981cdd445eda242212b05fea
NBUT	宁波工程学院	NBUT	N	NBUT_01	宁波工程学院教务系统适配	BACHELOR_AND_ASSOCIATE	nbut.js	http://jwxt.nbut.edu.cn/jwglxt/xtgl/login_slogin.html	xiekeqing	先登录到教务网站，登录成功后执行导入操作	1769eeb095a4f8ed8bc9fbad2d5ff5e66f796df4711111064db27bc17db0fe01
QUT	青岛理工大学	QUT	Q	QUT	青岛理工大学教务	BACHELOR_AND_ASSOCIATE	qut.js	https://jxgl.qut.edu.cn/jwglxt/xtgl/index_initMenu.html	LucasAndrew0120	适配青岛理工大学正方教务系统	86d630eba0c68ee8332b7f4a4e95384bf42724620da8671256f6e64b2d1e42ef
QDHHC	青岛黄海学院	QDHHC	Q	QDHHC	青岛黄海学院正方教务	BACHELOR_AND_ASSOCIATE	qdhhc.js	http://jwxt.qdhhc.edu.cn/jwglxt/xtgl/login_slogin.html	星河欲转	青岛黄海学院正方教务,非本校开发者适配如果有误建议提交issues	97f146d9ae704a2206731a075a97f77586815ee977eff8deccb81d7dc19fe4cd
QHNU	青海师范大学	QHNU	Q	QHNU_01	青海师范大学研究生课表导入	POSTGRADUATE	qhnu_01.js	http://one.qhnu.edu.cn/default/portal/index.jsp	shixiaogaoya	完成统一身份认证并进入研究生教务系统后执行导入，在弹窗中选择目标学期。	35df1b1ad2c6544e680457b820d6771427e82971f60cfd85f40319ee4a948d70
QQHRU	齐齐哈尔大学	QQHRU	Q	QQHRU	齐齐哈尔大学URP教务	BACHELOR_AND_ASSOCIATE	qqhru.js	https://webvpn.qqhru.edu.cn/users/sign_in	星河欲转	齐齐哈尔大学URP教务，登录后只需要进入教务系统就可以点击导入了，非本校开发者适配如果有误建议提交issues	74fccd33fcf88cea6cf5d8707f96a99f20ce31e97e3ae57966e3694004beb975
QQHRIT	齐齐哈尔工程学院	QQHRIT	Q	QQHRIT	齐齐哈尔工程学院正方教务	BACHELOR_AND_ASSOCIATE	qqhrit.js	http://tysf.qqhrit.com:20261/cas/login	星河欲转	齐齐哈尔工程学院正方教务，进入教务系统再点击导入，已添加特殊时间方案，非本校开发者适配如果有误建议提交issues	1c8cfa01d8687e038f6a3a637303fff3a6a51d3caa001191a6a81c9f08e60514
CTGU	三峡大学	CTGU	S	CTGU	三峡大学教务	BACHELOR_AND_ASSOCIATE	ctgu.js	http://jwxt.ctgu.edu.cn/jwapp/sys/yjsrzfwapp/dbLogin/main.do	星河欲转	点击统一身份认证登录, 由于存在作用域问题,登录后需要点击课程表跳转课表页面才能让一键导入课表使用, 非本校开发者适配如果有误建议提交issues	29522182d06937c4e18bab86712578a565905704ce88cc8742f11e9cc7bba304
SMXY	三明学院	SMXY	S	SMXY	三明学院正方教务	BACHELOR_AND_ASSOCIATE	smxy.js	https://one.fjsmu.edu.cn/tp_up/view?m=up	Haooz	三明学院正方教务V9，通过CAS统一身份认证登录后进入教务系统执行导入	3d6855f96ccf306e55aff4deadb2aa679de24fa8c23f15c85a5e478d59bf6617
SHZQ	上海中侨职业技术大学	SHZQ	S	SHZQ_01	上海中侨职业技术大学教务系统	BACHELOR_AND_ASSOCIATE	shzq.js	https://cas.shzq.edu.cn/cas/login?service=https://jw.shzq.edu.cn/sso/ddlogin	Kredenk	上海中侨大学,正方教务适配	2df4db68e3ba46128df273901143338a2f3e658f6d6e347da67491c7f4ef534a
SHUFEZJ	上海财经大学浙江学院	SHUFEZJ	S	SHUFEZJ	上海财经大学浙江学院正方教务	BACHELOR_AND_ASSOCIATE	shufezj.js	https://jwxt.shufe-zj.edu.cn/kbcx/xskbcx_cxXskbcxIndex.html?gnmkdm=N2151&layout=default	ZnonEn	上海财经大学浙江学院正方教务，通过CAS统一身份认证登录后，进入个人课表查询页面即可点击导入。非本校开发者适配如果有误建议提交issues	775be44fbc3fb4ddf9e31ed706773334dea2b326f1d7be8dacc2fb32940dedb7
SICNU	四川师范大学	SICNU	S	SICNU_01	四川师范大学教务系统	BACHELOR_AND_ASSOCIATE	school.js	http://202.115.194.60/	llingqing	支持狮子山校区和成龙校区，自动识别学期和课程时间，另可从大学生通进入教务系统(https://zhxg.sicnu.edu.cn/edu/admin/)	2ecef72d8621a12efa1ff3553ed67cc03346cdcdca348abca7603166f2548485
HUAYU	山东华宇工学院	HUAYU	S	HUAYU_01	山东华宇工学院正方教务	BACHELOR_AND_ASSOCIATE	huayu.js	http://jwgl.huayu.edu.cn/jwglxt/xtgl/login_slogin.html	Noxiouskoala1	适配山东华宇工学院正方教务系统	b6ba8f8a19bc9825116967883b6d5831198d7416061ca94a6fa3540eb604f254
SDNU	山东师范大学	SDNU	S	SDNU	山东师范大学教务系统	BACHELOR_AND_ASSOCIATE	sdnu.js	http://jwxt.sdnu.edu.cn/jwglxt/xtgl/login_slogin.html	LiquoriceHy	山东师范大学教务系统适配	d4a9a8f39c58a4ac8b3293cddeca43a4f3e115764319f643ee963425d6e9c337
SDIPCT	山东石油化工学院	SDIPCT	S	SDIPCT	山东石油化工学院教务	BACHELOR_AND_ASSOCIATE	sdipct.js	https://webvpn.sdipct.edu.cn/https/77726476706e69737468656265737421fae0598869236c596e0b9de29d51367bd943/	星河欲转	山东石油化工学院教务适配,非本校开发者适配如果有误建议提交issues	d2e2f2c0dab2a84e41a10656eccf6d57f21c6d9ce76c6e419b21071162e04a6c
SDDFVC	山东药品食品职业学院	SDDFVC	S	SDDFVC	山东药品食品职业学院教务	BACHELOR_AND_ASSOCIATE	sddfvc.js	http://cas.sddfvc.edu.cn/login?type=usernamepassword&service=http%3A%2F%2Ffazhan.sddfvc.edu.cn%2Fjs%2Ffzzx%2Flogin	星河欲转	山东药品食品职业学院教务适配,非本校开发者适配如果有误建议提交issues   贵校网页经常变化参数我们需要本校的有兴趣的同学来主动维护适配的代码	4bd207b15a790fda60620adc8096046d56d0556f83ad4e996e207bfde06bceeb
SDLIVC	山东轻工职业学院	SDLIVC	S	SDLIVC	山东轻工职业学院教务	BACHELOR_AND_ASSOCIATE	sdlivc.js	https://crp.sdlivc.cn/xsgl/xs/login/login.aspx	赛博丁真	山东轻工职业学院教务适配	359c390ef04adaccde08d28b07957072044f80c958845c34e28ee406149da2c0
SXGCXY	山西工程职业学院	SXGCXY	S	SXGCXY_01	山西工程职业学院超星教务适配	BACHELOR_AND_ASSOCIATE	sxgcxy_01.js	https://sxevc.jw.chaoxing.com/admin/login	星河欲转	山西工程职业学院适配教务,支持唐槐校区、龙潭校区作息时间,非本校开发者适配如果有误建议提交issues	767d94f50394d475426bfde4b688708ca6d2382710e778d45ed4b2b7178fc240
SYIST	沈阳科技学院	SYIST	S	SYIST_01	沈阳科技学院金智教务	BACHELOR_AND_ASSOCIATE	syist_01.js	http://jwxt.syist.edu.cn:30334/jwapp/sys/emaphome/portal/index.do	星河欲转	沈阳科技学院金智教务，支持自动获取开学日期，非本校开发者适配如果有误建议提交issues	b228245f78652474727c00fea57ca6317a464361246c94e6ac881487f80898f0
SHXY	绥化学院	SHXY	S	SHXY	绥化学院乘方教务	BACHELOR_AND_ASSOCIATE	shxy.js	http://jwgl.shxy.edu.cn/	Haooz	绥化学院乘方教务系统，进入教务系统后点击导入	24c84696b6c41342fc304a8ab6d05d7ae08dd4bfa61507702e36295f8691f16a
TONGJI	同济大学	TONGJI	T	TONGJI_01	同济大学 1 系统	BACHELOR_AND_ASSOCIATE	tongji_01.js	https://1.tongji.edu.cn/	Linho1219	同济大学教学信息管理一体化系统（1 系统）适配。无需进入课表页面，统一认证登录完成进入 1 系统后即可提取	3b8b1bbc8fd31a22d3d42aaa988f88abe833a023d411b8d5c872718c1bdc310e
TARU	塔里木大学	TARU	T	TARU_01	塔里木大学正方教务	BACHELOR_AND_ASSOCIATE	taru_01.js	https://auth.taru.edu.cn/cas/login?service=https%3A%2F%2Fhall.taru.edu.cn%2FserviceHall	星河欲转	登录后需要进入查看课表的页面，才可以点击导入   塔里木大学适配教务,添加双季作息,非本校开发者适配如果有误建议提交issues	2637062063ff37b6b40227734e33a74a06bf967a0f9a93d4aaae433ab22d4a97
TCU	天津城建大学	TCU	T	TCU_01	天津城建大学URP教务	BACHELOR_AND_ASSOCIATE	tcu_01.js	https://authserver.tcu.edu.cn/authserver/login?service=https%3A%2F%2Fjwxs.tcu.edu.cn%2Flogin	星河欲转	天津城建大学URP教务,非本校开发者适配如果有误建议提交issues	74922fbeab94a47f3ea9bf532185c983b862ee6daf2787ca713ec4c1db21f0c1
TUST	天津科技大学	TUST	T	TUST_01	天津科技大学URP教务	BACHELOR_AND_ASSOCIATE	tust_01.js	https://id.tust.edu.cn/authserver/login?service=http://jwxtxs.tust.edu.cn:46110/j_spring_cas_security_check	oneepointer	天津科技大学使用 URP 教务系统，该适配器对其进行适配	e5ef6a32d91c903655c703bd85ce50965372ee4d99e550083421c62c4161c07e
GZTRC	铜仁学院	GZTRC	T	GZTRC	铜仁学院联奕教务（新版教务）	BACHELOR_AND_ASSOCIATE	gztrc.js	https://gztrc.edu.cn:17232/	Daoguan-king	由于教务系统未适配手机端，须在右上角选择"切换到电脑模式"，然后点击"刷新"，正常登录后点击下方"执行导入"按钮进行导入。	e793240f2c1a157068d0946d6e5091133aeb0ba8c76dc761c68cf415159bdef9
GZTRC	铜仁学院	GZTRC	T	GZTRC_OLD	铜仁学院移动教务（旧版教务）	BACHELOR_AND_ASSOCIATE	gztrc_old.js	https://gztrc.edu.cn:17230/yjw/pages/login/login.html	Daoguan-king	此教务系统适配手机端，请在教务系统中正常登录并进入主页后，点击教务系统下方"快捷查询->课程表"页面后再电击"执行导入"按钮进行导入。由于学校太懒，校历数据未配置，导入后需在软件中手动设置开学日期。	c1aab42f9435b6290c5757ac91cca98708709fa7bf9c75549935d9a4181fa49f
WENHUA	文华学院	WENHUA	W	WENHUA_01	文华学院正方教务	BACHELOR_AND_ASSOCIATE	wenhua_01.js	https://jw1.hustwenhua.net/jwglxt/xtgl/login_slogin.html	glxgo	文华学院教务,登录后需要进入教务系统才可以点击导入,非本校开发者适配如果有误建议提交issues	593e6713aa23af74954dbd19cf512f85c96643b8e644e1c83c4c3fd9945802b7
CWXU	无锡学院	CWXU	W	CWXU_01	无锡学院教务系统	BACHELOR_AND_ASSOCIATE	cwxu_01.js	https://jwgl.cwxu.edu.cn/jwglxt/xtgl/login_slogin.html	ewiro	无锡学院正方教务系统适配，登录后选择学年和学期即可通过教务接口导入课表。	3f2a0f9e43531d4b5ae19f1904492c6e58ef3a14e73961808dd8316c8525acb0
WBU	武汉商学院	WBU	W	WBU_02	武汉商学院-校园网访问	BACHELOR_AND_ASSOCIATE	wbu_02.js	https://jwxt.wbu.edu.cn/	HJWqa	武汉商学院教务系统课表导入适配	2b732e3b0e8fd8aa8497db0e40391376f2cdc2062e20eed9d00ff62aab88f907
WBU	武汉商学院	WBU	W	WBU_03	武汉商学院-WebVPN访问	BACHELOR_AND_ASSOCIATE	wbu_02.js	https://webvpn.wbu.edu.cn/	HJWqa	武汉商学院教务系统课表导入适配	2b732e3b0e8fd8aa8497db0e40391376f2cdc2062e20eed9d00ff62aab88f907
WHUT	武汉理工大学	WHUT	W	WHUT_01	武汉理工大学金智教务	BACHELOR_AND_ASSOCIATE	whut_01.js	https://jwxt.whut.edu.cn/	星河欲转	武汉理工大学金智教务,支持自动获取开学日期,非本校开发者适配如果有误建议提交issues	7db85983718360857da82799d12d928d60ffb090094f455f8dbedf403b0d4654
XJZFU	新疆政法学院	XJZFU	X	XJZFU_01	新疆政法学院新教务系统	BACHELOR_AND_ASSOCIATE	xjzfu.js	https://jwxt.xjzfu.edu.cn/jwapp/sys/homeapp/home/index.html	jesse-s4	适配新疆政法学院金智教务系统 2026.07.20	b06d78994bd01413162d2118007dce6bb8770e76721d6893aaf8f552de8ab3c9
NWPU	西北工业大学	NWPU	X	NWPU_01	西北工业大学	BACHELOR_AND_ASSOCIATE	nwpu_01.js	https://ecampus.nwpu.edu.cn/	zengzoxiong	西北工业大学本科教务系统适配，请先登录翱翔门户，手动点击进入翱翔教务后执行脚本自动获取课程信息	8fa451277385ee2d108f98d09fb84b0a5d693613f53c4353648a3e0390d8e8b9
SWJTU	西南交通大学	SWJTU	X	SWJTU_01	西南交通大学扬华学堂	BACHELOR_AND_ASSOCIATE	swjtu_yhxt.js	https://yhxt.swjtu.edu.cn/study/teach/course/stu-course-list	Weedy233	登录西南交通大学扬华学堂后，直接点击底栏“执行导入”即可完成导入	ba2b0afab01cf72a3ab613d48d82263d6b116940c055a83f28ffa73c2d65a881
SWU	西南大学	SWU	X	SWU_01	西南大学教务	BACHELOR_AND_ASSOCIATE	swu.js	https://i.swu.edu.cn/	小漫君	基于正方新一代教务接口取数。请从办事大厅(i.swu.edu.cn)登录后进入教务系统课表查询页面，再执行导入脚本；脚本会自动套用西南大学节次时间。	eb537486ae615c67dc9fd44b36bd97a081cb2acb6440e033fa33a8df8e29844b
XJTU	西安交通大学	XJTU	X	XJTU_01	西安交通大学-本科教务	BACHELOR_AND_ASSOCIATE	xjtu.js	https://ehall.xjtu.edu.cn	SDPD, TiaoFeng	适配西安交通大学教务系统(wdkb)本科课表导入	e31c9af3533f9b5022d9b02bc400312424d217e0f2030802c075f8ed5bd7e8f5
XAUAT	西安建筑科技大学	XAUAT	X	XAUAT_01	西安建筑科技大学	BACHELOR_AND_ASSOCIATE	xauat.js	https://swjw.xauat.edu.cn/student/login/	Alph4rc	西安建筑科技大学教务系统适配，请先登录统一身份认证，手动点击进入教务系统后执行脚本自动获取课程信息	e4d998bd5d38303dad480c53ec1fca566a672a0f56669b1bb17ffd64945367ab
XAWL	西安文理学院	XAWL	X	XAWL_01	西安文理学院正方教务	BACHELOR_AND_ASSOCIATE	xawl_01.js	http://jwgl.xawl.edu.cn/jwglxt/	星河欲转	西安文理学院正方教务,添加双季作息,非本校开发者适配如果有误建议提交issues	968cdcde978fc290dc9fd6c2819f5fa42ceed6fa0be0ecb242a8dff6644a2efe
XUST	西安科技大学	XUST	X	XUST_01	西安科技大学正方教务	BACHELOR_AND_ASSOCIATE	xust_01.js	http://jwsso.xust.edu.cn/frontend/center_portal/home/index.html#/	星河欲转	西安科技大学正方教务，已适配西区差异时间，非本校开发者适配如果有误建议提交issues	7e97b8ddfc83b27af2d0ac54ad1679650129500658f5bc5c1bf1eb2755daf193
YIBINU	宜宾学院	YIBINU	Y	YIBINU_01	宜宾学院教务系统适配	BACHELOR_AND_ASSOCIATE	yibinu_01.js	https://authserver.yibinu.edu.cn/authserver/login?service=https://ehall.yibinu.edu.cn:443/login?service=https://ehall.yibinu.edu.cn/new/index.html	空灵	适配宜宾学院教务，登录智慧校园后就可以执行导入，由于网站限制，需要执行2次导入才能导入包含理论和实验的完整课表，所以请仔细阅读操作提醒！！	52ba92546f044fe427378a0b92a1e255f549e302a5dde6af4ba1e5522c9ddcd2
YZU	扬州大学	YZU	Y	YZU_01	扬州大学URP教务	BACHELOR_AND_ASSOCIATE	yzu.js	https://webvpn.yzu.edu.cn/login	Thanatos	扬州大学URP教务适配,通过网瑞达WebVPN访问,登录后需进入PC端教务系统「选课管理」页面,选择历年学期课表,再点击导入.	953cb20a638ee840f6bb8576e4a1838dfb0c80dbe6c091090f4310cd71441277
CUG	中国地质大学(武汉)	CUG	Z	CUG_01	中国地质大学（武汉）正方教务	BACHELOR_AND_ASSOCIATE	cug.js	https://sfrz.cug.edu.cn/authserver/login?service=https%3A%2F%2Fi.cug.edu.cn%2Fweb%2F%3FCASLOGIN%3DCASLOGIN	kncatl	中国地质大学（武汉）正方教务系统API适配。登录教务系统任意页面即可一键导入，支持学年学期选择、南望山（秋冬/春夏季）与未来城校区作息选择，自动配置开学日期。	98fb56b5467ced002673c8b4d76732037ca49040022cc7bec9322dfc7b066da8
CAUC	中国民航大学	CAUC	Z	CAUC	中国民航大学正方教务	BACHELOR_AND_ASSOCIATE	cauc.js	https://http-jwgl-cauc-edu-cn-80.webvpn.cauc.edu.cn/xtgl/login_slogin.html	星河欲转	中国民航大学正方教务，webvpn入口，非本校开发者适配如果有误建议提交issues	c1d4adc1c96f02578b182d24f5ac5bd159681964b203f24c1ff65d499fba6ac7
CUP	中国石油大学(北京)	CUP	Z	CUP_01	中国石油大学(北京)本科教务系统	BACHELOR_AND_ASSOCIATE	cup_01.js	https://bk.cup.edu.cn/student/	larryyan	点击统一身份认证登录	5cfd07602d14bacbeff92f6351920f22c14714c2aef8330ab9982da0fd0e4da2
CUP	中国石油大学(北京)	CUP	Z	CUP_02	中国石油大学(北京)研究生教务系统	POSTGRADUATE	cup_02.js	https://gmis.cup.edu.cn/gmis/student/default/index	larryyan	点击统一身份认证登录 打开(培养管理=>学生课表查询)页面。 包含克拉玛依校区	7c3e5b7c9421662cb3f811b56da1fbe9065a7124cacbe6dae3faf0dbbb5da27e
CUPK	中国石油大学（北京）克拉玛依校区	CUPK	Z	CUPK_01	中国石油大学(北京)克拉玛依校区本科教务系统	BACHELOR_AND_ASSOCIATE	cupk_01.js	https://eams.cupk.edu.cn/student/	ARK-VALLEY	登录后直接导入既可，无需进入课表页面，注意登录密码不是融合门户密码，初始密码为个人完整身份证号	b637332ffec4da246ac694743644290595184257da797a2bf7fdd720bc0db0c1
USTC	中国科学技术大学	USTC	Z	USTC_01	中国科学技术大学研究生教务	POSTGRADUATE	ustc_01.js	https://yjs1.ustc.edu.cn/gsapp/sys/yjsrzfwapp/dbLogin/main.do	hydrofluoric07	中国科学技术大学研究生综合服务平台（yjs1.ustc.edu.cn）适配：登录后进入「培养→课表查询→学生课表查询」页面再执行导入	0bdd676ad23bde01729c7d5cfb09373cfcf0feaddd55ee7e8f8b97e373979b86
CJLU	中国计量大学	CJLU	Z	CJLU	中国计量大学正方教务	BACHELOR_AND_ASSOCIATE	cjlu.js	https://jwxt.cjlu.edu.cn/jwglxt/xtgl/login_slogin.html	ying-ck	中国计量大学正方教务系统课表导入，登录后执行导入。	ad66047fa6cbc24cfa74f39c3fa85cffc916aa565ac4804be77675b8675ca3f5
SYSU	中山大学	SYSU	Z	SYSU	中山大学	BACHELOR_AND_ASSOCIATE	sysu.js	https://jwxt.sysu.edu.cn/	JXCZ	中山大学NetID版本教务系统课程表导入,注：先点击右上角切换为电脑模式再登陆，登陆后可直接导入。	0f9d946c4e3059affb79e3ddfdc5516d765ae62a78ab91c0f2d1d691f17d3919
SYSU	中山大学	SYSU	Z	SYSU_01	中山大学研究生教务课表导入	POSTGRADUATE	sysu_01.js	https://cms.sysu.edu.cn/	JR2714	中山大学研究生教务(cms.sysu.edu.cn)	3ed10017dfd43e343cc94708bd2b4d13d397e5bec609b6565495079ff37efc5f
UZZ	枣庄学院	UZZ	Z	UZZ_01	枣庄学院正方教务	BACHELOR_AND_ASSOCIATE	uzz_01.js	https://iam.uzz.edu.cn/esc-sso/login/page	素绫理	枣庄学院方正教务系统课表适配，登陆后点击【正方教务管理系统】，再点击【个人课表查询】，最后点击【执行导入】即可，导入后不要忘记设置本学期的开学日期	6fc8a573ca5da493f024a34db0483543a2420a77da92db38dc03cf1a6c507f3f
ZCMU	浙江中医药大学	ZCMU	Z	ZCMU	浙江中医药大学正方教务	BACHELOR_AND_ASSOCIATE	zcmu.js	https://jwmk.zcmu.edu.cn/jwglxt/xtgl/login_slogin.html	Daoguan-king	登录浙江中医药大学教务系统后需要进入“信息查询”的“个人课表查询”页面再点击导入。 滨文校区和富春校区两个校区的时间安排不一致，请在导入课程表前选择对应的校区。 这是通过滨文校区的教务数据开发的，不确定富春校区是否支持。 特别感谢滨文校区生命科学学院杰哥的帮助，他在我的软磨硬泡下提供了学号和密码。 非本校开发者适配如果有误建议提交issues	b9eb42322d8ea2942e75a8038f2af123bab9e9ce7233b9166990ccc38f1c22e6
ZJUT	浙江工业大学	ZJUT	Z	ZJUT_01	浙江工业大学正方教务	BACHELOR_AND_ASSOCIATE	zjut_01.js	http://www.gdjw.zjut.edu.cn/jwglxt/xtgl/login_slogin.html?kickout=1	glxgo	浙江工业大学教务,登录后需要进入教务系统才可以点击导入,非本校开发者适配如果有误建议提交issues	11f64278818d2ee914303d21929b0b26ad44f676354b539f4402b4db15591676
ZZU	郑州大学	ZZU	Z	ZZU_01	郑州大学	BACHELOR_AND_ASSOCIATE	zzu.js	https://cas.s.zzu.edu.cn/cas/a/login?service=https%3A%2F%2Fjwxt.zzu.edu.cn%2Fstudent%2Fsso%2Flogin	LilyCarry	登录之后向右下角滑,点击课表.课表出现后点击右下角导入即可.	22da64be2ccabaf780afa6ee6238d86fd6e3cadc7dbcc635c009b772ff4d0407
